city_id;city_name;most_expensive_price;most_expensive_product_name
234;Новокузнецк;1145966.6;Легковой автомобиль иностранной марки новый, шт.
233;Кемерово;1123539.6;Легковой автомобиль иностранной марки новый, шт.
206;Тюмень;1110974.5;Легковой автомобиль иностранной марки новый, шт.
205;Ноябрьск;1093187.0;Легковой автомобиль иностранной марки новый, шт.
221;Красноярск;1054347.4;Легковой автомобиль иностранной марки новый, шт.
227;Иркутск;1045145.4;Легковой автомобиль иностранной марки новый, шт.
178;Пенза;1032011.25;Легковой автомобиль иностранной марки новый, шт.
222;Ачинск;961233.3;Легковой автомобиль иностранной марки новый, шт.
182;Сызрань;909501.25;Легковой автомобиль иностранной марки новый, шт.
151;Саранск;884616.06;Легковой автомобиль иностранной марки новый, шт.
136;Черкесск;759402.56;Легковой автомобиль иностранной марки новый, шт.
133;Малгобек;609584.7;Легковой автомобиль импортный подержанный, шт.
131;Назрань;580002.3;Легковой автомобиль импортный подержанный, шт.
253;Нерюнгри;543427.44;Легковой автомобиль импортный подержанный, шт.
232;Усть-Илимск;526231.8;Легковой автомобиль отечественный новый, шт.
224;Лесосибирск;79768.4;Обучение в государственных и муниципальных образовательных организациях высшего профессионального образования, семестр
254;Олекминск;79224.27;Пальто женское меховое и дубленка, шт.
223;Канск;74799.16;Годовая стоимость полиса добровольного страхования легкового автомобиля от стандартных рисков, полис
231;Тайшет;72036.9;Мотоцикл без коляски, скутер, шт.
229;Братск;70604.9;Обучение в государственных и муниципальных образовательных организациях высшего профессионального образования, семестр
198;Ханты-Мансийск;62477.18;Поездка на отдых в Испанию, поездка
239;Куйбышев;61938.0;Годовая стоимость полиса добровольного страхования легкового автомобиля от стандартных рисков, полис
220;Рубцовск;55750.18;Обучение в государственных и муниципальных образовательных организациях высшего профессионального образования, семестр
246;Колпашево;53895.16;Пальто женское меховое и дубленка, шт.
158;Можга;52136.78;Мотоцикл без коляски, скутер, шт.
236;Юрга;44267.18;Набор мягкой мебели, комплект
241;Исилькуль;36627.87;Пальто женское меховое и дубленка, шт.
190;Димитровград;30727.17;Холодильник двухкамерный, ёмкостью 250-360 л, шт.
217;Черногорск;30516.81;Холодильник двухкамерный, ёмкостью 250-360 л, шт.
197;Серов;30044.12;Холодильник двухкамерный, ёмкостью 250-360 л, шт.
196;Первоуральск;28203.73;Холодильник двухкамерный, ёмкостью 250-360 л, шт.
16;Кинешма;26964.67;Холодильник двухкамерный, ёмкостью 250-360 л, шт.
170;Лысково;23531.38;Холодильник двухкамерный, ёмкостью 250-360 л, шт.
173;Арзамас;22803.92;Холодильник двухкамерный, ёмкостью 250-360 л, шт.
171;Семенов;22042.97;Холодильник двухкамерный, ёмкостью 250-360 л, шт.
