city_name;cheapest_product_name;most_expensive_product_name;price_difference
Казань;Предоставление местного телефонного соединения при повременной системе оплаты услуг связи , минута;Легковой автомобиль иностранной марки новый, шт.;909921.8
Симферополь;Спички, коробок;Легковой автомобиль иностранной марки новый, шт.;790489.3
Тихвин;Предоставление местного телефонного соединения при повременной системе оплаты услуг связи , минута;Легковой автомобиль иностранной марки новый, шт.;619285.94
Новороссийск;Предоставление местного телефонного соединения при повременной системе оплаты услуг связи , минута;Холодильник двухкамерный, ёмкостью 250-360 л, шт.;32119.72
