city_name;cheapest_product_name;most_expensive_product_name;price_difference
Новокузнецк;Предоставление местного телефонного соединения при повременной системе оплаты услуг связи , минута;Легковой автомобиль иностранной марки новый, шт.;1145966.0
Кемерово;Предоставление местного телефонного соединения при повременной системе оплаты услуг связи , минута;Легковой автомобиль иностранной марки новый, шт.;1123539.0
Тюмень;Наём жилых помещений в государственном и муниципальном жилищных фондах, м2 общей площади;Легковой автомобиль иностранной марки новый, шт.;1110974.4
Ноябрьск;Предоставление местного телефонного соединения при повременной системе оплаты услуг связи , минута;Легковой автомобиль иностранной марки новый, шт.;1093186.2
Красноярск;Предоставление местного телефонного соединения при повременной системе оплаты услуг связи , минута;Легковой автомобиль иностранной марки новый, шт.;1054346.9
Иркутск;Предоставление местного телефонного соединения при повременной системе оплаты услуг связи , минута;Легковой автомобиль иностранной марки новый, шт.;1045144.8
Пенза;Предоставление местного телефонного соединения при повременной системе оплаты услуг связи , минута;Легковой автомобиль иностранной марки новый, шт.;1032010.7
Ачинск;Спички, коробок;Легковой автомобиль иностранной марки новый, шт.;961231.7
Сызрань;Предоставление местного телефонного соединения при повременной системе оплаты услуг связи , минута;Легковой автомобиль иностранной марки новый, шт.;909500.7
Саранск;Предоставление местного телефонного соединения при повременной системе оплаты услуг связи , минута;Легковой автомобиль иностранной марки новый, шт.;884615.5
Черкесск;Предоставление местного телефонного соединения при повременной системе оплаты услуг связи , минута;Легковой автомобиль иностранной марки новый, шт.;759402.06
Малгобек;Предоставление местного телефонного соединения при повременной системе оплаты услуг связи , минута;Легковой автомобиль импортный подержанный, шт.;609584.4
Назрань;Предоставление местного телефонного соединения при повременной системе оплаты услуг связи , минута;Легковой автомобиль импортный подержанный, шт.;580002.0
Нерюнгри;Предоставление местного телефонного соединения при повременной системе оплаты услуг связи , минута;Легковой автомобиль импортный подержанный, шт.;543426.7
Усть-Илимск;Предоставление местного соединения (разговора) по сотовой связи, минута;Легковой автомобиль отечественный новый, шт.;526230.25
Лесосибирск;Спички, коробок;Обучение в государственных и муниципальных образовательных организациях высшего профессионального образования, семестр;79766.82
Олекминск;Предоставление местного телефонного соединения при повременной системе оплаты услуг связи , минута;Пальто женское меховое и дубленка, шт.;79223.52
Канск;Спички, коробок;Годовая стоимость полиса добровольного страхования легкового автомобиля от стандартных рисков, полис;74797.4
Тайшет;Предоставление местного телефонного соединения при повременной системе оплаты услуг связи , минута;Мотоцикл без коляски, скутер, шт.;72036.32
Братск;Спички, коробок;Обучение в государственных и муниципальных образовательных организациях высшего профессионального образования, семестр;70603.44
Ханты-Мансийск;Предоставление местного телефонного соединения при повременной системе оплаты услуг связи , минута;Поездка на отдых в Испанию, поездка;62476.44
Куйбышев;Спички, коробок;Годовая стоимость полиса добровольного страхования легкового автомобиля от стандартных рисков, полис;61936.76
Рубцовск;Предоставление местного телефонного соединения при повременной системе оплаты услуг связи , минута;Обучение в государственных и муниципальных образовательных организациях высшего профессионального образования, семестр;55749.6
Колпашево;Предоставление местного соединения (разговора) по сотовой связи, минута;Пальто женское меховое и дубленка, шт.;53893.81
Можга;Предоставление местного телефонного соединения при повременной системе оплаты услуг связи , минута;Мотоцикл без коляски, скутер, шт.;52136.24
Юрга;Предоставление местного телефонного соединения при повременной системе оплаты услуг связи , минута;Набор мягкой мебели, комплект;44266.6
Исилькуль;Спички, коробок;Пальто женское меховое и дубленка, шт.;36626.63
Димитровград;Предоставление местного телефонного соединения при повременной системе оплаты услуг связи , минута;Холодильник двухкамерный, ёмкостью 250-360 л, шт.;30726.63
Черногорск;Спички, коробок;Холодильник двухкамерный, ёмкостью 250-360 л, шт.;30515.18
Серов;Предоставление местного телефонного соединения при повременной системе оплаты услуг связи , минута;Холодильник двухкамерный, ёмкостью 250-360 л, шт.;30043.5
Первоуральск;Предоставление местного телефонного соединения при повременной системе оплаты услуг связи , минута;Холодильник двухкамерный, ёмкостью 250-360 л, шт.;28203.11
Кинешма;Спички, коробок;Холодильник двухкамерный, ёмкостью 250-360 л, шт.;26963.47
Лысково;Предоставление местного телефонного соединения при повременной системе оплаты услуг связи , минута;Холодильник двухкамерный, ёмкостью 250-360 л, шт.;23530.8
Арзамас;Предоставление местного телефонного соединения при повременной системе оплаты услуг связи , минута;Холодильник двухкамерный, ёмкостью 250-360 л, шт.;22803.34
Семенов;Предоставление местного телефонного соединения при повременной системе оплаты услуг связи , минута;Холодильник двухкамерный, ёмкостью 250-360 л, шт.;22042.39
